INSERT INTO race (name,str_bonus,dex_bonus,const_bonus,int_bonus,wis_bonus,cha_bonus)
	VALUES
		('AARAKOCRA',0,2,0,0,1,0),
		('PROTECTORAASIMAR',0,0,0,0,1,2),
		('SCOURGEAASIMAR',0,0,1,0,0,2),
		('FALLENAASIMAR',1,0,0,0,0,2),
		('CHANGELING',0,0,0,0,0,2),
		('DRAGONBORN',2,0,0,0,0,1),
		('DROW',0,2,0,0,0,1),
		('MOUNTAINDWARF',2,0,2,0,0,0),
		('KENKU',0,2,0,0,1,0),
		('GOBLIN',0,2,1,0,0,0),
		('HILLDWARF',0,0,2,0,1,0),
		('FIRBOLG',1,0,0,0,2,0),
		('AIRGENASI',0,1,2,0,0,0),
		('WATERGENASI',0,0,2,0,1,0),
		('FIREGENASI',0,0,2,1,0,0),
		('EARTHGENASI',1,0,2,0,0,0),	
		('FORESTGNOME',0,1,0,2,0,0),	
		('ROCKGNOME',0,0,1,2,0,0),
		('GOLIATH',2,0,1,0,0,0),
		('HALF-ELF',0,0,0,0,0,2),
		('HALF-ORC',2,0,1,0,0,0),
		('LIGHTFOOTHALFLING',0,2,0,0,0,1),
		('STOUTHALFLING',0,2,1,0,0,0),
		('GHOSTWISEHALFLING',0,2,0,0,1,0),
		('HIGH-ELF',0,2,0,1,0,0),
		('HUMAN',1,1,1,1,1,1),
		('LIZARDFOLK',0,0,2,0,1,0),
		('TABAXI',0,2,0,0,0,1),
		('TIEFLING',0,0,0,1,0,2),
		('WARFORGED',0,0,2,0,0,0),
		('WOOD-ELF',0,2,0,0,1,0);
		

INSERT INTO class (id,name)
	VALUES
		(1,'ARTIFICER'),
		(2,'BARBARIAN'),
		(3,'BARD'),
		(4,'CLERIC'),
		(5,'DRUID'),
		(6,'FIGHTER'),
		(7,'MONK'),
		(8,'PALADIN'),
		(9,'RANGER'),
		(10,'ROGUE'),
		(11,'SORCERER'),	
		(12,'WARLOCK'),	
		(13,'WARRIOR'),	
		(14,'WIZARD');

INSERT INTO sub_class (id,name,class_id)
	VALUES
		(1,'FIRE',14),
		(2,'WATER',14),
		(3,'AIR',14),
		(4,'EARTH',14),
		(5,'ARCANA',14),
		(6,'WEATHER',5),
		(7,'BESTIALITY',5),
		(8,'HERBALIST',5),
		(9,'SPIRIT',5),
		(10,'DISTANCE',9),
		(11,'SURVIVAL',9),	
		(12,'FAMILIAR',9),	
		(13,'CHAMPION',13);

INSERT INTO skill (id,name,type)
	VALUES
		(1,'ATHLETICS','STRENGTH'),
		(2,'ACROBATICS','DEXTERITY'),
		(3,'SLEIGHTOFHAND','DEXTERITY'),
		(4,'STEALTH','DEXTERITY'),
		(5,'ARCANA','INTELLIGENCE'),
		(6,'HISTORY','INTELLIGENCE'),
		(7,'INVESTIGATION','INTELLIGENCE'),
		(8,'NATURE','INTELLIGENCE'),
		(9,'RELIGION','INTELLIGENCE'),
		(10,'ANIMALHANDLING','WISDOM'),
		(11,'INSIGHT','WISDOM'),
		(12,'MEDECINE','WISDOM'),
		(13,'PERCEPTION','WISDOM'),
		(14,'SURVIVAL','WISDOM'),
		(15,'DECEPTION','CHARISMA'),
		(16,'INTIMIDATION','CHARISMA'),
		(17,'PERFORMANCE','CHARISMA'),
		(18,'PERSUASION','CHARISMA');
		

INSERT INTO story (name,description)
	VALUES
		('ACOLYTE','storie'),
		('CRAFTSMAN','storie'),
		('ARTIST','storie'),
		('CHARLATAN','storie'),
		('KNIGHT','storie'),
		('CRIMINAL','storie'),
		('STREETCHILD','storie'),
		('ERMIT','storie'),
		('HERO','storie'),
		('SAILOR','storie'),
		('NOBLE','storie'),
		('SAGE','storie'),
		('SAVAGE','storie'),
		('SOLDIER','storie'),
		('MANHUNTER','storie'),
		('MERCENARY','storie'),
		('CAPTIVE','storie'),
		('IDIOT','storie'),
		('TRAVELE','storie');
		
INSERT INTO story_skills_skill (story_id,skill_id)
	VALUES
		(1,9),(1,11),
		(2,9),(2,18),
		(3,2),(3,17),
		(4,3),(4,15),
		(5,6),(5,18),
		(6,4),(6,15),
		(7,3),(7,4),
		(8,9),(8,12),
		(9,10),(9,14),
		(10,1),(10,13),
		(11,6),(11,18),
		(12,1),(12,14),
		(13,1),(13,16),
		(14,15),(14,18),
		(15,1),(15,18),
		(16,8),(16,14),
		(17,9),(17,11),
		(18,4),(18,17),
		(19,14),(19,18);

		
INSERT INTO characteristic (name)
	VALUES
		('STRENGTH'),
		('DEXTERITY'),
		('CONSTITUTION'),
		('INTELLIGENCE'),
		('WISDOM'),
		('CHARISMA');


INSERT INTO capacity (name,level,description,sub_class_id)
	VALUES
	('Controle des flammes',1,'Manipule l''intensité d''une flamme visible',1),
	('Projection de flamme',2,'Projette une flamme depuis la main du lanceur',1),
	('Mur de feu',4,'Concentre une flamme proche pour créer une barrière face au lanceur',1),
	('Embrasement',5,'Crée une flamme dans une zone visible par le lanceur',1),
	('Déflagration',6,'Projette un cône de flamme en continu face au lanceur',1),
	('Dôme de flammes',7,'Crée un dome de flammes protecteur autour du lanceur',1),
	('Sphère de feu',8,'Lance une boule de feu de 3m de diamètre qui explose sur commande',1),
	('Elémentaire de feu',9,'Invoque un élémentaire de feu',1),
	('Tempête de flammes',10,'Crée une immense vague de flammes se dirigeant vers l''ennemi',1),
	('Fluidité',1,'Manipule une petite quantité de liquide',2),
	('Cryothermie',2,'Altère l''état des liquide (vapeur, glace)',2),
	('Fouet aqueu',3,'Transforme un jet d''eau en une arme mortelle',2),
	('Mur de glace',4,'Transforme une zone d''eau en une paroi de glace protectrice',2),
	('Couteau de glace',5,'Lance une pointe de glace',2),
	('Cône de froid',6,'Projette un cône de givre en continu face au lanceur',2),
	('Piège givrant',7,'Crée un piège condamnant l''ennemi dans un cercueil de glace',2),
	('Elémentaire de glace',9,'Invoque un élémentaire de glace',2),
	('Raz-de-marée',10,'Provoque une vague gigantesque',2),
	('Souffle',1,'Manipule l''intensité des courants d''air',3),
	('Bourrasque',3,'Envoie une rafale de vent qui renverse les ennemis sur son passage',3),
	('Répulsion',4,'Crèe un courant d''air autour du lanceur qui projette tout ce qui se trouve aux alentours',3),
	('Ruée aérienne',5,'Le vent est du coté du lanceur et accélère ses mouvements',3),
	('Catapulte',6,'Crée une surface piégée qui projette l''ennemi en l''air',3),
	('Zone de vide',7,'Enferme l''ennemi dans une zone qui peut être vidée de son air',3),
	('Lévitation',8,'Place quelqu''un ou quelque chose en état de lévitation',3),
	('Elémentaire d''air',9,'Invoque un élémentaire d''air',3),
	('Cyclone',10,'Crée une tornade destructrice controlée par le lanceur',3),
	('Terraformation',1,'Le lanceur peur modeler la terre en contact autour de lui',4),
	('Marteau de pierre',2,'Consolide la terre pour créer une arme contondante',4),
	('Tremblement',3,'Crée un tremblement dans le sol autour du lanceur',4),
	('Peau de pierre',4,'Au contact de la pierre, la cible peut s''en recouvrir afin de se protèger',4),
	('Eruption',5,'Eruption de roche et de terre qui éclate en un point visible par le lanceur',4),
	('Pétrification',7,'Transforme la cible en statue de pierre',4),
	('Crevasse',8,'Crée une fissure dans le sol face au lanceur',4),
	('Elémentaire de pierre',10,'Invoque un élémentaire de pierre',4),
	('Météor',10,'Crée un immense amas de pierres en hauteur s''écrasant sur une zone ciblée',5),
	('Projectile magique',1,'Un projectile infligeant des dégats magiques',5),
	('Bouclier magique',2,'Invoque un bouclier magique dans la main du lanceur',5),
	('Arme liée',3,'Invoque une arme magique dans la main du lanceur',5),
	('Pénétration psychique',4,'Pénètre les pensées superficielles d''une créature à portée de main',5),
	('Maitrise arcanique',5,'Les sorts de bouclier magiques, arme liée et pénétration psychique peuvent être lancé à distance',5),
	('Télékinésie',6,'Déplace un objet où une créature légère par la pensée',5),
	('Dôme de lames',7,'Crée un dôme protecteur hérissé de lames autour du lanceur',5),
	('Téléportation',8,'Le lanceur se déplace instantanément vers un point visible',5),
	('Champ anti-magie',9,'Crée une zone à portée dans laquel la magie ne peut opérer',5),
	('Prédiction',1,'Prévois les changements météorologiques à venir',6),
	('Nappe de brouillard',3,'Étend une nappe de brouillard dans une zone',6),
	('Éclat du soleil',9,'Crée une vague magique face au lanceur qui provoque un état aléatoire à toute créature se trouvant dans la zone',6),
	('Contrôle du climat',13,'Modifie progressivement les conditions climatiques en extérieur (précipitation, température et force du vent)',6),
	('Appel de la foudre',19,'Les créatures prisent dans la zone de l''orage sont frappées par la foudre',6),
	('Communication avec les animaux',1,'Permet de dialoguer avec un animal',7),
	('Sens Animal',7,'Le lanceur peut voir/entendre/sentir à travers les sens d''une bête consentante',7),
	('Communication télépathique',11,'Communiquer télépatiquement avec les animaux',7),
	('Localisation d''animaux ou de plantes',15,'En vous concentrant sur les murmures de la Nature qui vous environne, vous apprenez la direction et la distance de la créature, ou plante que vous connaissez dans les alentours',7),
	('Domination de bête',19,'Vous tentez de prendre le contrôle d''une bête à portée que vous pouvez voir',7),
	('Interactions naturelles',1,'Permet d''influencer légèrement la végétation',8),
	('Fouet épineux',3,'Le lanceur crée une longue et épaisse liane de vignes et d''épines dans sa main',8),
	('Enchevêtrement',5,'Parralyser une créature grace à la pouse de plantes et de racines',8),
	('Nuage toxique',11,'Grâce à la pousse de champignons, un nuage toxique se propage dans une zone définie',8),
	('Colère de la foret',17,'Permet de déchaîner la colère des arbres afin qu''ils soutiennent le lanceur',8),
	('Soin léger',1,'Permet de soigner les blessures légère',9),
	('Detection de magie',5,'Le lanceur détecte toutes émanations magiques autour de lui',9),
	('Guérison',9,'Le lanceur peut soigner une altération d''état',9),
	('Armure spirituelle',15,'Crée une armure spirituelle autour du lanceur',9),
	('Prière de Sylvanna',17,'Le lanceur fait une prière à la déesse Sylvanna, peut etre l''exaucera-t-elle',9),
	('Carquoi magique',9,'Un carquoi qui ne se vide jamais',10),
	('Bombe fumigène',3,'Vous vous dissimulez derrière un écran de fumée',10),
	('Bola',5,'Lancez des bolas sur vos adversaires pour les faire chuter',10),
	('Flèche de feu',7,'Vous maitrisez le tir de flèches enflammées',10),
	('Flèche empoisonnée',9,'Empoisonnez vos flèches',10),
	('Force flèche',11,'Vos flèche peuvent transpercer un mur de pierre d''une certaine épaisseur ou le corp d''un ennemis',10),
	('Double flèche',17,'Tirez deux flèches à la fois',10),
	('Volée de flèches',19,'Toute la zone est frappée par une pluie de flèches',10),
	('Analyse de l''environnement',1,'Vous avez accès à certaines informations spécifiques à l''environnement dans lequel vous vous trouvez',11),
	('Hâte',5,'Faite +1d4 à votre jet d''initiative',11),
	('Sang-froid',9,'Vous résistez au charme et à la peur',11),
	('Camouflage',13,'Vous vous fondez dans l''environnement et devenez invisible aux yeux des ennemis jusqu''à ce que vous soyez découvert ou que vous entriez en mouvement',11),
	('Imprenable',17,'Vous ne pouvez plus être entravé ou agrippé',11),
	('Lien avec un familier',1,'Vous vous lié d''amitié avec une creature de votre choix',12),
	('Communication avec un familier',3,'Vous pouvez communiquer avec votre familier par la pensée',12),
	('Appel de familier',7,'Téléporte votre familier à vos côté',12),
	('Transfert de vie',11,'Puisez l''energie de votre familier afin de remettre sur pied un membre de votre groupe ou vous-même. Le familier est assomé',12),
	('Flèche de transfert',15,'Tirez une flèche qui, à tout moment souhaité, peut être remplacé par votre familier',12),
	('Transfert de l''âme',19,'Prenez instantanément la place de votre familer',12),
	('Provocation',1,'Force les ennemis à se retourner dans votre direction',13),
	('Force du boucher',3,'Vous frappez suffisament fort pour arracher ou découper des membres',13),
	('Attaque éclair',5,'Si vous frappez un ennemi vous avez une chance de frapper un deuxième tout prêt',13),
	('Bélier',7,'Foncez sur un groupe d''ennemis et mettez les à terre',13),
	('Retour à l''envoyeur',9,'Vous pouvez essayer de renvoyer un projectil à celui qui vous l''a lancé',13),
	('Bon du guerrier',11,'Sautez jusqu''à un ennemi pour lui tomber dessus',13),
	('Piétinement guerrier',13,'Frappez le sol avec votre arme afin de renverser les ennemis autour de vous',13),
	('Force du guerrier',15,'Vous pouvez soulever des objets de trois à quatre fois votre poids',13),
	('Ange gardien',17,'Vous pouvez prendre les dégats à la place d''un autre',13),
	('Enragement guerrier',19,'Tout vos coups sont des coups critiques pendant plusieures minutes, mais vous serez épuisé après ça',13);
		


